Id,Predicted
0,PREDICTED TEXT HERE
1,PREDICTED TEXT HERE
2,PREDICTED TEXT HERE
3,PREDICTED TEXT HERE
4,PREDICTED TEXT HERE
5,PREDICTED TEXT HERE
6,PREDICTED TEXT HERE
7,PREDICTED TEXT HERE
8,PREDICTED TEXT HERE
9,PREDICTED TEXT HERE
10,PREDICTED TEXT HERE
11,PREDICTED TEXT HERE
12,PREDICTED TEXT HERE
13,PREDICTED TEXT HERE
14,PREDICTED TEXT HERE
15,PREDICTED TEXT HERE
16,PREDICTED TEXT HERE
17,PREDICTED TEXT HERE
18,PREDICTED TEXT HERE
19,PREDICTED TEXT HERE
20,PREDICTED TEXT HERE
21,PREDICTED TEXT HERE
22,PREDICTED TEXT HERE
23,PREDICTED TEXT HERE
24,PREDICTED TEXT HERE
25,PREDICTED TEXT HERE
26,PREDICTED TEXT HERE
27,PREDICTED TEXT HERE
28,PREDICTED TEXT HERE
29,PREDICTED TEXT HERE
30,PREDICTED TEXT HERE
31,PREDICTED TEXT HERE
32,PREDICTED TEXT HERE
33,PREDICTED TEXT HERE
34,PREDICTED TEXT HERE
35,PREDICTED TEXT HERE
36,PREDICTED TEXT HERE
37,PREDICTED TEXT HERE
38,PREDICTED TEXT HERE
39,PREDICTED TEXT HERE
40,PREDICTED TEXT HERE
41,PREDICTED TEXT HERE
42,PREDICTED TEXT HERE
43,PREDICTED TEXT HERE
44,PREDICTED TEXT HERE
45,PREDICTED TEXT HERE
46,PREDICTED TEXT HERE
47,PREDICTED TEXT HERE
48,PREDICTED TEXT HERE
49,PREDICTED TEXT HERE
50,PREDICTED TEXT HERE
51,PREDICTED TEXT HERE
52,PREDICTED TEXT HERE
53,PREDICTED TEXT HERE
54,PREDICTED TEXT HERE
55,PREDICTED TEXT HERE
56,PREDICTED TEXT HERE
57,PREDICTED TEXT HERE
58,PREDICTED TEXT HERE
59,PREDICTED TEXT HERE
60,PREDICTED TEXT HERE
61,PREDICTED TEXT HERE
62,PREDICTED TEXT HERE
63,PREDICTED TEXT HERE
64,PREDICTED TEXT HERE
65,PREDICTED TEXT HERE
66,PREDICTED TEXT HERE
67,PREDICTED TEXT HERE
68,PREDICTED TEXT HERE
69,PREDICTED TEXT HERE
70,PREDICTED TEXT HERE
71,PREDICTED TEXT HERE
72,PREDICTED TEXT HERE
73,PREDICTED TEXT HERE
74,PREDICTED TEXT HERE
75,PREDICTED TEXT HERE
76,PREDICTED TEXT HERE
77,PREDICTED TEXT HERE
78,PREDICTED TEXT HERE
79,PREDICTED TEXT HERE
80,PREDICTED TEXT HERE
81,PREDICTED TEXT HERE
82,PREDICTED TEXT HERE
83,PREDICTED TEXT HERE
84,PREDICTED TEXT HERE
85,PREDICTED TEXT HERE
86,PREDICTED TEXT HERE
87,PREDICTED TEXT HERE
88,PREDICTED TEXT HERE
89,PREDICTED TEXT HERE
90,PREDICTED TEXT HERE
91,PREDICTED TEXT HERE
92,PREDICTED TEXT HERE
93,PREDICTED TEXT HERE
94,PREDICTED TEXT HERE
95,PREDICTED TEXT HERE
96,PREDICTED TEXT HERE
97,PREDICTED TEXT HERE
98,PREDICTED TEXT HERE
99,PREDICTED TEXT HERE
100,PREDICTED TEXT HERE
101,PREDICTED TEXT HERE
102,PREDICTED TEXT HERE
103,PREDICTED TEXT HERE
104,PREDICTED TEXT HERE
105,PREDICTED TEXT HERE
106,PREDICTED TEXT HERE
107,PREDICTED TEXT HERE
108,PREDICTED TEXT HERE
109,PREDICTED TEXT HERE
110,PREDICTED TEXT HERE
111,PREDICTED TEXT HERE
112,PREDICTED TEXT HERE
113,PREDICTED TEXT HERE
114,PREDICTED TEXT HERE
115,PREDICTED TEXT HERE
116,PREDICTED TEXT HERE
117,PREDICTED TEXT HERE
118,PREDICTED TEXT HERE
119,PREDICTED TEXT HERE
120,PREDICTED TEXT HERE
121,PREDICTED TEXT HERE
122,PREDICTED TEXT HERE
123,PREDICTED TEXT HERE
124,PREDICTED TEXT HERE
125,PREDICTED TEXT HERE
126,PREDICTED TEXT HERE
127,PREDICTED TEXT HERE
128,PREDICTED TEXT HERE
129,PREDICTED TEXT HERE
130,PREDICTED TEXT HERE
131,PREDICTED TEXT HERE
132,PREDICTED TEXT HERE
133,PREDICTED TEXT HERE
134,PREDICTED TEXT HERE
135,PREDICTED TEXT HERE
136,PREDICTED TEXT HERE
137,PREDICTED TEXT HERE
138,PREDICTED TEXT HERE
139,PREDICTED TEXT HERE
140,PREDICTED TEXT HERE
141,PREDICTED TEXT HERE
142,PREDICTED TEXT HERE
143,PREDICTED TEXT HERE
144,PREDICTED TEXT HERE
145,PREDICTED TEXT HERE
146,PREDICTED TEXT HERE
147,PREDICTED TEXT HERE
148,PREDICTED TEXT HERE
149,PREDICTED TEXT HERE
150,PREDICTED TEXT HERE
151,PREDICTED TEXT HERE
152,PREDICTED TEXT HERE
153,PREDICTED TEXT HERE
154,PREDICTED TEXT HERE
155,PREDICTED TEXT HERE
156,PREDICTED TEXT HERE
157,PREDICTED TEXT HERE
158,PREDICTED TEXT HERE
159,PREDICTED TEXT HERE
160,PREDICTED TEXT HERE
161,PREDICTED TEXT HERE
162,PREDICTED TEXT HERE
163,PREDICTED TEXT HERE
164,PREDICTED TEXT HERE
165,PREDICTED TEXT HERE
166,PREDICTED TEXT HERE
167,PREDICTED TEXT HERE
168,PREDICTED TEXT HERE
169,PREDICTED TEXT HERE
170,PREDICTED TEXT HERE
171,PREDICTED TEXT HERE
172,PREDICTED TEXT HERE
173,PREDICTED TEXT HERE
174,PREDICTED TEXT HERE
175,PREDICTED TEXT HERE
176,PREDICTED TEXT HERE
177,PREDICTED TEXT HERE
178,PREDICTED TEXT HERE
179,PREDICTED TEXT HERE
180,PREDICTED TEXT HERE
181,PREDICTED TEXT HERE
182,PREDICTED TEXT HERE
183,PREDICTED TEXT HERE
184,PREDICTED TEXT HERE
185,PREDICTED TEXT HERE
186,PREDICTED TEXT HERE
187,PREDICTED TEXT HERE
188,PREDICTED TEXT HERE
189,PREDICTED TEXT HERE
190,PREDICTED TEXT HERE
191,PREDICTED TEXT HERE
192,PREDICTED TEXT HERE
193,PREDICTED TEXT HERE
194,PREDICTED TEXT HERE
195,PREDICTED TEXT HERE
196,PREDICTED TEXT HERE
197,PREDICTED TEXT HERE
198,PREDICTED TEXT HERE
199,PREDICTED TEXT HERE
200,PREDICTED TEXT HERE
201,PREDICTED TEXT HERE
202,PREDICTED TEXT HERE
203,PREDICTED TEXT HERE
204,PREDICTED TEXT HERE
205,PREDICTED TEXT HERE
206,PREDICTED TEXT HERE
207,PREDICTED TEXT HERE
208,PREDICTED TEXT HERE
209,PREDICTED TEXT HERE
210,PREDICTED TEXT HERE
211,PREDICTED TEXT HERE
212,PREDICTED TEXT HERE
213,PREDICTED TEXT HERE
214,PREDICTED TEXT HERE
215,PREDICTED TEXT HERE
216,PREDICTED TEXT HERE
217,PREDICTED TEXT HERE
218,PREDICTED TEXT HERE
219,PREDICTED TEXT HERE
220,PREDICTED TEXT HERE
221,PREDICTED TEXT HERE
222,PREDICTED TEXT HERE
223,PREDICTED TEXT HERE
224,PREDICTED TEXT HERE
225,PREDICTED TEXT HERE
226,PREDICTED TEXT HERE
227,PREDICTED TEXT HERE
228,PREDICTED TEXT HERE
229,PREDICTED TEXT HERE
230,PREDICTED TEXT HERE
231,PREDICTED TEXT HERE
232,PREDICTED TEXT HERE
233,PREDICTED TEXT HERE
234,PREDICTED TEXT HERE
235,PREDICTED TEXT HERE
236,PREDICTED TEXT HERE
237,PREDICTED TEXT HERE
238,PREDICTED TEXT HERE
239,PREDICTED TEXT HERE
240,PREDICTED TEXT HERE
241,PREDICTED TEXT HERE
242,PREDICTED TEXT HERE
243,PREDICTED TEXT HERE
244,PREDICTED TEXT HERE
245,PREDICTED TEXT HERE
246,PREDICTED TEXT HERE
247,PREDICTED TEXT HERE
248,PREDICTED TEXT HERE
249,PREDICTED TEXT HERE
250,PREDICTED TEXT HERE
251,PREDICTED TEXT HERE
252,PREDICTED TEXT HERE
253,PREDICTED TEXT HERE
254,PREDICTED TEXT HERE
255,PREDICTED TEXT HERE
256,PREDICTED TEXT HERE
257,PREDICTED TEXT HERE
258,PREDICTED TEXT HERE
259,PREDICTED TEXT HERE
260,PREDICTED TEXT HERE
261,PREDICTED TEXT HERE
262,PREDICTED TEXT HERE
263,PREDICTED TEXT HERE
264,PREDICTED TEXT HERE
265,PREDICTED TEXT HERE
266,PREDICTED TEXT HERE
267,PREDICTED TEXT HERE
268,PREDICTED TEXT HERE
269,PREDICTED TEXT HERE
270,PREDICTED TEXT HERE
271,PREDICTED TEXT HERE
272,PREDICTED TEXT HERE
273,PREDICTED TEXT HERE
274,PREDICTED TEXT HERE
275,PREDICTED TEXT HERE
276,PREDICTED TEXT HERE
277,PREDICTED TEXT HERE
278,PREDICTED TEXT HERE
279,PREDICTED TEXT HERE
280,PREDICTED TEXT HERE
281,PREDICTED TEXT HERE
282,PREDICTED TEXT HERE
283,PREDICTED TEXT HERE
284,PREDICTED TEXT HERE
285,PREDICTED TEXT HERE
286,PREDICTED TEXT HERE
287,PREDICTED TEXT HERE
288,PREDICTED TEXT HERE
289,PREDICTED TEXT HERE
290,PREDICTED TEXT HERE
291,PREDICTED TEXT HERE
292,PREDICTED TEXT HERE
293,PREDICTED TEXT HERE
294,PREDICTED TEXT HERE
295,PREDICTED TEXT HERE
296,PREDICTED TEXT HERE
297,PREDICTED TEXT HERE
298,PREDICTED TEXT HERE
299,PREDICTED TEXT HERE
300,PREDICTED TEXT HERE
301,PREDICTED TEXT HERE
302,PREDICTED TEXT HERE
303,PREDICTED TEXT HERE
304,PREDICTED TEXT HERE
305,PREDICTED TEXT HERE
306,PREDICTED TEXT HERE
307,PREDICTED TEXT HERE
308,PREDICTED TEXT HERE
309,PREDICTED TEXT HERE
310,PREDICTED TEXT HERE
311,PREDICTED TEXT HERE
312,PREDICTED TEXT HERE
313,PREDICTED TEXT HERE
314,PREDICTED TEXT HERE
315,PREDICTED TEXT HERE
316,PREDICTED TEXT HERE
317,PREDICTED TEXT HERE
318,PREDICTED TEXT HERE
319,PREDICTED TEXT HERE
320,PREDICTED TEXT HERE
321,PREDICTED TEXT HERE
322,PREDICTED TEXT HERE
323,PREDICTED TEXT HERE
324,PREDICTED TEXT HERE
325,PREDICTED TEXT HERE
326,PREDICTED TEXT HERE
327,PREDICTED TEXT HERE
328,PREDICTED TEXT HERE
329,PREDICTED TEXT HERE
330,PREDICTED TEXT HERE
331,PREDICTED TEXT HERE
332,PREDICTED TEXT HERE
333,PREDICTED TEXT HERE
334,PREDICTED TEXT HERE
335,PREDICTED TEXT HERE
336,PREDICTED TEXT HERE
337,PREDICTED TEXT HERE
338,PREDICTED TEXT HERE
339,PREDICTED TEXT HERE
340,PREDICTED TEXT HERE
341,PREDICTED TEXT HERE
342,PREDICTED TEXT HERE
343,PREDICTED TEXT HERE
344,PREDICTED TEXT HERE
345,PREDICTED TEXT HERE
346,PREDICTED TEXT HERE
347,PREDICTED TEXT HERE
348,PREDICTED TEXT HERE
349,PREDICTED TEXT HERE
350,PREDICTED TEXT HERE
351,PREDICTED TEXT HERE
352,PREDICTED TEXT HERE
353,PREDICTED TEXT HERE
354,PREDICTED TEXT HERE
355,PREDICTED TEXT HERE
356,PREDICTED TEXT HERE
357,PREDICTED TEXT HERE
358,PREDICTED TEXT HERE
359,PREDICTED TEXT HERE
360,PREDICTED TEXT HERE
361,PREDICTED TEXT HERE
362,PREDICTED TEXT HERE
363,PREDICTED TEXT HERE
364,PREDICTED TEXT HERE
365,PREDICTED TEXT HERE
366,PREDICTED TEXT HERE
367,PREDICTED TEXT HERE
368,PREDICTED TEXT HERE
369,PREDICTED TEXT HERE
370,PREDICTED TEXT HERE
371,PREDICTED TEXT HERE
372,PREDICTED TEXT HERE
373,PREDICTED TEXT HERE
374,PREDICTED TEXT HERE
375,PREDICTED TEXT HERE
376,PREDICTED TEXT HERE
377,PREDICTED TEXT HERE
378,PREDICTED TEXT HERE
379,PREDICTED TEXT HERE
380,PREDICTED TEXT HERE
381,PREDICTED TEXT HERE
382,PREDICTED TEXT HERE
383,PREDICTED TEXT HERE
384,PREDICTED TEXT HERE
385,PREDICTED TEXT HERE
386,PREDICTED TEXT HERE
387,PREDICTED TEXT HERE
388,PREDICTED TEXT HERE
389,PREDICTED TEXT HERE
390,PREDICTED TEXT HERE
391,PREDICTED TEXT HERE
392,PREDICTED TEXT HERE
393,PREDICTED TEXT HERE
394,PREDICTED TEXT HERE
395,PREDICTED TEXT HERE
396,PREDICTED TEXT HERE
397,PREDICTED TEXT HERE
398,PREDICTED TEXT HERE
399,PREDICTED TEXT HERE
400,PREDICTED TEXT HERE
401,PREDICTED TEXT HERE
402,PREDICTED TEXT HERE
403,PREDICTED TEXT HERE
404,PREDICTED TEXT HERE
405,PREDICTED TEXT HERE
406,PREDICTED TEXT HERE
407,PREDICTED TEXT HERE
408,PREDICTED TEXT HERE
409,PREDICTED TEXT HERE
410,PREDICTED TEXT HERE
411,PREDICTED TEXT HERE
412,PREDICTED TEXT HERE
413,PREDICTED TEXT HERE
414,PREDICTED TEXT HERE
415,PREDICTED TEXT HERE
416,PREDICTED TEXT HERE
417,PREDICTED TEXT HERE
418,PREDICTED TEXT HERE
419,PREDICTED TEXT HERE
420,PREDICTED TEXT HERE
421,PREDICTED TEXT HERE
422,PREDICTED TEXT HERE
423,PREDICTED TEXT HERE
424,PREDICTED TEXT HERE
425,PREDICTED TEXT HERE
426,PREDICTED TEXT HERE
427,PREDICTED TEXT HERE
428,PREDICTED TEXT HERE
429,PREDICTED TEXT HERE
430,PREDICTED TEXT HERE
431,PREDICTED TEXT HERE
432,PREDICTED TEXT HERE
433,PREDICTED TEXT HERE
434,PREDICTED TEXT HERE
435,PREDICTED TEXT HERE
436,PREDICTED TEXT HERE
437,PREDICTED TEXT HERE
438,PREDICTED TEXT HERE
439,PREDICTED TEXT HERE
440,PREDICTED TEXT HERE
441,PREDICTED TEXT HERE
442,PREDICTED TEXT HERE
443,PREDICTED TEXT HERE
444,PREDICTED TEXT HERE
445,PREDICTED TEXT HERE
446,PREDICTED TEXT HERE
447,PREDICTED TEXT HERE
448,PREDICTED TEXT HERE
449,PREDICTED TEXT HERE
450,PREDICTED TEXT HERE
451,PREDICTED TEXT HERE
452,PREDICTED TEXT HERE
453,PREDICTED TEXT HERE
454,PREDICTED TEXT HERE
455,PREDICTED TEXT HERE
456,PREDICTED TEXT HERE
457,PREDICTED TEXT HERE
458,PREDICTED TEXT HERE
459,PREDICTED TEXT HERE
460,PREDICTED TEXT HERE
461,PREDICTED TEXT HERE
462,PREDICTED TEXT HERE
463,PREDICTED TEXT HERE
464,PREDICTED TEXT HERE
465,PREDICTED TEXT HERE
466,PREDICTED TEXT HERE
467,PREDICTED TEXT HERE
468,PREDICTED TEXT HERE
469,PREDICTED TEXT HERE
470,PREDICTED TEXT HERE
471,PREDICTED TEXT HERE
472,PREDICTED TEXT HERE
473,PREDICTED TEXT HERE
474,PREDICTED TEXT HERE
475,PREDICTED TEXT HERE
476,PREDICTED TEXT HERE
477,PREDICTED TEXT HERE
478,PREDICTED TEXT HERE
479,PREDICTED TEXT HERE
480,PREDICTED TEXT HERE
481,PREDICTED TEXT HERE
482,PREDICTED TEXT HERE
483,PREDICTED TEXT HERE
484,PREDICTED TEXT HERE
485,PREDICTED TEXT HERE
486,PREDICTED TEXT HERE
487,PREDICTED TEXT HERE
488,PREDICTED TEXT HERE
489,PREDICTED TEXT HERE
490,PREDICTED TEXT HERE
491,PREDICTED TEXT HERE
492,PREDICTED TEXT HERE
493,PREDICTED TEXT HERE
494,PREDICTED TEXT HERE
495,PREDICTED TEXT HERE
496,PREDICTED TEXT HERE
497,PREDICTED TEXT HERE
498,PREDICTED TEXT HERE
499,PREDICTED TEXT HERE
500,PREDICTED TEXT HERE
501,PREDICTED TEXT HERE
502,PREDICTED TEXT HERE
503,PREDICTED TEXT HERE
504,PREDICTED TEXT HERE
505,PREDICTED TEXT HERE
506,PREDICTED TEXT HERE
507,PREDICTED TEXT HERE
508,PREDICTED TEXT HERE
509,PREDICTED TEXT HERE
510,PREDICTED TEXT HERE
511,PREDICTED TEXT HERE
512,PREDICTED TEXT HERE
513,PREDICTED TEXT HERE
514,PREDICTED TEXT HERE
515,PREDICTED TEXT HERE
516,PREDICTED TEXT HERE
517,PREDICTED TEXT HERE
518,PREDICTED TEXT HERE
519,PREDICTED TEXT HERE
520,PREDICTED TEXT HERE
521,PREDICTED TEXT HERE
522,PREDICTED TEXT HERE
